{
  "version": 2825,
  "weights": {
    "w_territory": 4.800664655569428,
    "w_mobility": 0.9188142351144397,
    "w_center": 3.6912033669912487
  }
}